<permissions>
  <privapp-permissions package="com.google.android.apps.wellbeing">
    <permission name="android.permission.WAKE_LOCK" />
  <permission name="android.permission.WRITE_EXTERNAL_STORAGE" />
  <permission name="android.permission.RECEIVE_BOOT_COMPLETED" />
  <permission name="android.permission.FOREGROUND_SERVICE" />
  <permission name="android.permission.SYSTEM_ALERT_WINDOW" />
  <permission name="android.permission.SYSTEM_APPLICATION_OVERLAY" />
  <permission name="android.permission.PACKAGE_USAGE_STATS" />
  <permission name="android.permission.OBSERVE_APP_USAGE" />
  <permission name="android.permission.SUSPEND_APPS" />
  <permission name="android.permission.CONTROL_DISPLAY_SATURATION" />
  <permission name="android.permission.WRITE_SECURE_SETTINGS" />
  <permission name="android.permission.SUBSTITUTE_NOTIFICATION_APP_NAME" />
  <permission name="android.permission.ACCESS_INSTANT_APPS" />
  <permission name="android.permission.INTERACT_ACROSS_PROFILES" />
  <permission name="android.permission.START_ACTIVITIES_FROM_BACKGROUND" />
  <permission name="android.permission.SCHEDULE_EXACT_ALARM" />
  <permission name="android.permission.MODIFY_PHONE_STATE" />
  <permission name="android.permission.MODIFY_QUIET_MODE" />
  <permission name="android.permission.READ_DREAM_STATE" />
  <permission name="android.permission.WRITE_DREAM_STATE" />
  <permission name="android.permission.READ_WALLPAPER_INTERNAL" />
  <permission name="android.permission.SET_WALLPAPER_COMPONENT" />
  <permission name="android.permission.SET_WALLPAPER" />
  <permission name="com.google.android.providers.gsf.permission.READ_GSERVICES" />
  <permission name="android.permission.GET_PACKAGE_SIZE" />
  <permission name="android.permission.ACCESS_NOTIFICATION_POLICY" />
  <permission name="android.permission.VIBRATE" />
  <permission name="com.google.android.gms.permission.ACTIVITY_RECOGNITION" />
  <permission name="android.permission.ACTIVITY_RECOGNITION" />
  <permission name="android.permission.ACCESS_FINE_LOCATION" />
  <permission name="android.permission.ACCESS_BACKGROUND_LOCATION" />
  <permission name="android.permission.QUERY_ALL_PACKAGES" />
  <permission name="android.permission.CONTROL_DISPLAY_COLOR_TRANSFORMS" />
  <permission name="android.permission.ACCESS_NETWORK_STATE" />
  <permission name="android.permission.INTERNET" />
  <permission name="android.permission.MANAGE_ROLE_HOLDERS" />
  <permission name="com.google.android.deskclock.permission.RECEIVE_ALERT_BROADCASTS" />
  <permission name="android.permission.LAUNCH_MULTI_PANE_SETTINGS_DEEP_LINK" />
  <permission name="android.permission.REAL_GET_TASKS" />
  <permission name="android.permission.START_TASKS_FROM_RECENTS" />
  </privapp-permissions>
</permissions>
