<permissions>
  <privapp-permissions package="com.google.android.apps.maps">
    <permission name="android.permission.INTERNET" />
  <permission name="com.google.android.providers.gsf.permission.READ_GSERVICES" />
  <permission name="android.permission.WRITE_EXTERNAL_STORAGE" />
  <permission name="android.permission.ACCESS_BACKGROUND_LOCATION" />
  <permission name="android.permission.ACCESS_COARSE_LOCATION" />
  <permission name="android.permission.ACCESS_FINE_LOCATION" />
  <permission name="com.google.android.gms.permission.ACTIVITY_RECOGNITION" />
  <permission name="android.permission.ACTIVITY_RECOGNITION" />
  <permission name="com.android.launcher.permission.INSTALL_SHORTCUT" />
  <permission name="android.permission.GET_ACCOUNTS" />
  <permission name="android.permission.MANAGE_ACCOUNTS" />
  <permission name="android.permission.USE_CREDENTIALS" />
  <permission name="android.permission.READ_SYNC_SETTINGS" />
  <permission name="android.permission.WRITE_SYNC_SETTINGS" />
  <permission name="android.permission.DISABLE_KEYGUARD" />
  <permission name="android.permission.ACCESS_WIFI_STATE" />
  <permission name="android.permission.ACCESS_NETWORK_STATE" />
  <permission name="android.permission.CHANGE_NETWORK_STATE" />
  <permission name="android.permission.CHANGE_WIFI_STATE" />
  <permission name="com.google.android.c2dm.permission.RECEIVE" />
  <permission name="android.permission.DOWNLOAD_WITHOUT_NOTIFICATION" />
  <permission name="com.google.android.gms.permission.CAR_SPEED" />
  <permission name="android.permission.VIBRATE" />
  <permission name="android.permission.NFC" />
  <permission name="android.permission.READ_CONTACTS" />
  <permission name="android.permission.FOREGROUND_SERVICE" />
  <permission name="com.google.android.apps.maps.permission.PREFETCH" />
  <permission name="android.permission.WAKE_LOCK" />
  <permission name="android.permission.RECEIVE_BOOT_COMPLETED" />
  <permission name="android.permission.BROADCAST_STICKY" />
  <permission name="android.permission.GET_PACKAGE_SIZE" />
  <permission name="com.google.android.googlequicksearchbox.permission.LENSVIEW_BROADCAST" />
  <permission name="com.google.android.googlequicksearchbox.permission.LAUNCH_FROM_GMM" />
  <permission name="android.permission.SCHEDULE_EXACT_ALARM" />
  </privapp-permissions>
</permissions>
