<permissions>
  <privapp-permissions package="com.google.android.apps.wallpaper">
    <permission name="android.permission.ACCESS_NETWORK_STATE" />
  <permission name="android.permission.LAUNCH_MULTI_PANE_SETTINGS_DEEP_LINK" />
  <permission name="android.permission.INTERNET" />
  <permission name="android.permission.READ_EXTERNAL_STORAGE" />
  <permission name="android.permission.READ_MEDIA_IMAGES" />
  <permission name="android.permission.READ_WALLPAPER_INTERNAL" />
  <permission name="android.permission.SET_WALLPAPER" />
  <permission name="android.permission.SET_WALLPAPER_COMPONENT" />
  <permission name="android.permission.BIND_WALLPAPER" />
  <permission name="android.permission.WAKE_LOCK" />
  <permission name="android.permission.READ_DEVICE_CONFIG" />
  <permission name="com.google.android.apps.wallpaper.NOTIFY_ROTATING_WALLPAPER_CHANGED" />
  <permission name="android.permission.RECEIVE_BOOT_COMPLETED" />
  <permission name="com.google.android.providers.gsf.permission.READ_GSERVICES" />
  <permission name="android.permission.CHANGE_OVERLAY_PACKAGES" />
  <permission name="android.permission.WRITE_SECURE_SETTINGS" />
  <permission name="com.google.pixel.livewallpaper.permission.DOWNLOAD_LIVE_WALLPAPER" />
  <permission name="com.breel.wallpapers19.APPLY_SETTINGS" />
  <permission name="android.permission.MODIFY_DAY_NIGHT_MODE" />
  <permission name="android.permission.WRITE_EXTERNAL_STORAGE" />
  <permission name="android.permission.READ_PHONE_STATE" />
  <permission name="com.google.android.c2dm.permission.RECEIVE" />
  </privapp-permissions>
</permissions>
