<permissions>
  <privapp-permissions package="com.google.android.apps.turbo">
    <permission name="android.permission.ACCESS_AMBIENT_LIGHT_STATS" />
  <permission name="android.permission.ACCESS_NETWORK_STATE" />
  <permission name="android.permission.BATTERY_STATS" />
  <permission name="android.permission.BRIGHTNESS_SLIDER_USAGE" />
  <permission name="android.permission.CHANGE_APP_IDLE_STATE" />
  <permission name="android.permission.CONFIGURE_DISPLAY_BRIGHTNESS" />
  <permission name="android.permission.GET_PACKAGE_SIZE" />
  <permission name="android.permission.INTERNET" />
  <permission name="android.permission.PACKAGE_USAGE_STATS" />
  <permission name="android.permission.RECEIVE_BOOT_COMPLETED" />
  <permission name="android.permission.SUBSTITUTE_NOTIFICATION_APP_NAME" />
  <permission name="android.permission.DUMP" />
  <permission name="com.google.android.providers.gsf.permission.READ_GSERVICES" />
  <permission name="android.permission.POWER_SAVER" />
  <permission name="android.permission.QUERY_ALL_PACKAGES" />
  <permission name="android.permission.BATTERY_PREDICTION" />
  <permission name="android.permission.ACCESS_WIFI_STATE" />
  <permission name="android.permission.BLUETOOTH" />
  </privapp-permissions>
</permissions>
